--------------------------------------------------------
--  Fichier créé - lundi-octobre-26-2020   
--------------------------------------------------------
--------------------------------------------------------
--  DDL for Table AVOIR
--------------------------------------------------------

  CREATE TABLE "CACAO"."AVOIR" 
   (	"NUM_CAND" CHAR(20 BYTE), 
	"NUM_RECO" NUMBER(10,0)
   ) SEGMENT CREATION DEFERRED 
  PCTFREE 10 PCTUSED 40 INITRANS 1 MAXTRANS 255 
 NOCOMPRESS LOGGING
  TABLESPACE "USERS" ;
--------------------------------------------------------
--  DDL for Table CANDIDAT
--------------------------------------------------------

  CREATE TABLE "CACAO"."CANDIDAT" 
   (	"NUM_CAND" VARCHAR2(15 BYTE), 
	"NUM_JURY" NUMBER(10,0) DEFAULT NULL, 
	"NUM_PL" CHAR(25 BYTE) DEFAULT NULL, 
	"NUM_MC" NUMBER(10,0) DEFAULT NULL, 
	"PHOTO_CAND" VARCHAR2(255 BYTE), 
	"EXTRAIT_CAND" VARCHAR2(255 BYTE), 
	"NOM_CAND" VARCHAR2(30 BYTE), 
	"PRENOM_CAND" VARCHAR2(255 BYTE), 
	"SEXE_CAND" CHAR(2 BYTE), 
	"DATENAISSANCE_CAND" DATE, 
	"LIEUDN_CAND" VARCHAR2(255 BYTE) DEFAULT NULL, 
	"ADD_CAND" VARCHAR2(10 BYTE), 
	"CONT_CAND" VARCHAR2(8 BYTE), 
	"NOTE_NT" NUMBER(10,0) DEFAULT NULL, 
	"OBSERVATIONS_NT" VARCHAR2(255 BYTE) DEFAULT NULL, 
	"EMAIL_CAND" VARCHAR2(100 BYTE), 
	"MDP_CAND" VARCHAR2(100 BYTE), 
	"NUM_PROD" CHAR(25 BYTE)
   ) SEGMENT CREATION IMMEDIATE 
  PCTFREE 10 PCTUSED 40 INITRANS 1 MAXTRANS 255 
 NOCOMPRESS LOGGING
  STORAGE(INITIAL 65536 NEXT 1048576 MINEXTENTS 1 MAXEXTENTS 2147483645
  PCTINCREASE 0 FREELISTS 1 FREELIST GROUPS 1
  BUFFER_POOL DEFAULT FLASH_CACHE DEFAULT CELL_FLASH_CACHE DEFAULT)
  TABLESPACE "USERS" ;
--------------------------------------------------------
--  DDL for Table CANDIDATURE
--------------------------------------------------------

  CREATE TABLE "CACAO"."CANDIDATURE" 
   (	"NUM_CDR" CHAR(25 BYTE), 
	"NUM_TC" NUMBER(10,0), 
	"LIBELLE_CDR" VARCHAR2(255 BYTE) DEFAULT NULL
   ) SEGMENT CREATION DEFERRED 
  PCTFREE 10 PCTUSED 40 INITRANS 1 MAXTRANS 255 
 NOCOMPRESS LOGGING
  TABLESPACE "USERS" ;
--------------------------------------------------------
--  DDL for Table CRITERE_CANDIDAT
--------------------------------------------------------

  CREATE TABLE "CACAO"."CRITERE_CANDIDAT" 
   (	"NUM_CRI" NUMBER(10,0), 
	"LIBELLE_CRI" VARCHAR2(255 BYTE)
   ) SEGMENT CREATION IMMEDIATE 
  PCTFREE 10 PCTUSED 40 INITRANS 1 MAXTRANS 255 
 NOCOMPRESS LOGGING
  STORAGE(INITIAL 65536 NEXT 1048576 MINEXTENTS 1 MAXEXTENTS 2147483645
  PCTINCREASE 0 FREELISTS 1 FREELIST GROUPS 1
  BUFFER_POOL DEFAULT FLASH_CACHE DEFAULT CELL_FLASH_CACHE DEFAULT)
  TABLESPACE "USERS" ;
--------------------------------------------------------
--  DDL for Table CULTIVER
--------------------------------------------------------

  CREATE TABLE "CACAO"."CULTIVER" 
   (	"NUM_PL" CHAR(20 BYTE), 
	"NUM_PROD" CHAR(25 BYTE)
   ) SEGMENT CREATION DEFERRED 
  PCTFREE 10 PCTUSED 40 INITRANS 1 MAXTRANS 255 
 NOCOMPRESS LOGGING
  TABLESPACE "USERS" ;
--------------------------------------------------------
--  DDL for Table DEPOSER
--------------------------------------------------------

  CREATE TABLE "CACAO"."DEPOSER" 
   (	"NUM_CAND" CHAR(20 BYTE), 
	"NUM_CDR" CHAR(25 BYTE), 
	"DATE_DEP" TIMESTAMP (0) DEFAULT NULL
   ) SEGMENT CREATION DEFERRED 
  PCTFREE 10 PCTUSED 40 INITRANS 1 MAXTRANS 255 
 NOCOMPRESS LOGGING
  TABLESPACE "USERS" ;
--------------------------------------------------------
--  DDL for Table EMBALLAGE
--------------------------------------------------------

  CREATE TABLE "CACAO"."EMBALLAGE" 
   (	"NUMEMB" NUMBER(10,0), 
	"NUM_MED" NUMBER(10,0), 
	"POIDS_EMB" NUMBER(10,2)
   ) SEGMENT CREATION DEFERRED 
  PCTFREE 10 PCTUSED 40 INITRANS 1 MAXTRANS 255 
 NOCOMPRESS LOGGING
  TABLESPACE "USERS" ;
--------------------------------------------------------
--  DDL for Table MEDAILLON
--------------------------------------------------------

  CREATE TABLE "CACAO"."MEDAILLON" 
   (	"NUM_MED" NUMBER(10,0), 
	"LIBELLE_MED" VARCHAR2(255 BYTE)
   ) SEGMENT CREATION DEFERRED 
  PCTFREE 10 PCTUSED 40 INITRANS 1 MAXTRANS 255 
 NOCOMPRESS LOGGING
  TABLESPACE "USERS" ;
--------------------------------------------------------
--  DDL for Table MEMBRE_JURY
--------------------------------------------------------

  CREATE TABLE "CACAO"."MEMBRE_JURY" 
   (	"NUM_JURY" NUMBER(10,0), 
	"NOM_JURY" VARCHAR2(255 BYTE), 
	"PRENOM_JURY" VARCHAR2(255 BYTE), 
	"DATE_NAISS_JURY" DATE, 
	"LOCALITE_JURY" VARCHAR2(255 BYTE)
   ) SEGMENT CREATION IMMEDIATE 
  PCTFREE 10 PCTUSED 40 INITRANS 1 MAXTRANS 255 
 NOCOMPRESS LOGGING
  STORAGE(INITIAL 65536 NEXT 1048576 MINEXTENTS 1 MAXEXTENTS 2147483645
  PCTINCREASE 0 FREELISTS 1 FREELIST GROUPS 1
  BUFFER_POOL DEFAULT FLASH_CACHE DEFAULT CELL_FLASH_CACHE DEFAULT)
  TABLESPACE "USERS" ;
--------------------------------------------------------
--  DDL for Table METHODE_CULTURE
--------------------------------------------------------

  CREATE TABLE "CACAO"."METHODE_CULTURE" 
   (	"NUM_MC" NUMBER(10,0), 
	"NUM_TMC" NUMBER(10,0), 
	"LIBELLE_MC" VARCHAR2(255 BYTE)
   ) SEGMENT CREATION DEFERRED 
  PCTFREE 10 PCTUSED 40 INITRANS 1 MAXTRANS 255 
 NOCOMPRESS LOGGING
  TABLESPACE "USERS" ;
--------------------------------------------------------
--  DDL for Table NOTE_CANDIDAT
--------------------------------------------------------

  CREATE TABLE "CACAO"."NOTE_CANDIDAT" 
   (	"NUM_CAND" VARCHAR2(15 BYTE), 
	"NUM_JURY" NUMBER(10,0), 
	"NUM_CRI" NUMBER(10,0), 
	"NOTE_CAND" NUMBER(10,2)
   ) SEGMENT CREATION IMMEDIATE 
  PCTFREE 10 PCTUSED 40 INITRANS 1 MAXTRANS 255 
 NOCOMPRESS LOGGING
  STORAGE(INITIAL 65536 NEXT 1048576 MINEXTENTS 1 MAXEXTENTS 2147483645
  PCTINCREASE 0 FREELISTS 1 FREELIST GROUPS 1
  BUFFER_POOL DEFAULT FLASH_CACHE DEFAULT CELL_FLASH_CACHE DEFAULT)
  TABLESPACE "USERS" ;
--------------------------------------------------------
--  DDL for Table PLANTATION
--------------------------------------------------------

  CREATE TABLE "CACAO"."PLANTATION" 
   (	"NUM_PLAN" CHAR(25 BYTE), 
	"NUM_PL" CHAR(20 BYTE), 
	"LOCALISATION_PLAN" VARCHAR2(255 BYTE), 
	"SUPERFICIE_PLAN" NUMBER(10,3)
   ) SEGMENT CREATION IMMEDIATE 
  PCTFREE 10 PCTUSED 40 INITRANS 1 MAXTRANS 255 
 NOCOMPRESS LOGGING
  STORAGE(INITIAL 65536 NEXT 1048576 MINEXTENTS 1 MAXEXTENTS 2147483645
  PCTINCREASE 0 FREELISTS 1 FREELIST GROUPS 1
  BUFFER_POOL DEFAULT FLASH_CACHE DEFAULT CELL_FLASH_CACHE DEFAULT)
  TABLESPACE "USERS" ;
--------------------------------------------------------
--  DDL for Table PLANTEUR
--------------------------------------------------------

  CREATE TABLE "CACAO"."PLANTEUR" 
   (	"NUM_PL" NUMBER(10,0), 
	"NUM_CAND" NUMBER(10,0), 
	"NOM_PL" VARCHAR2(255 BYTE), 
	"PRENOM_PL" VARCHAR2(255 BYTE), 
	"SEXE_PL" CHAR(2 BYTE), 
	"DATEDENAISSANCE_PL" DATE, 
	"LOCALITE_PL" VARCHAR2(255 BYTE) DEFAULT NULL
   ) SEGMENT CREATION DEFERRED 
  PCTFREE 10 PCTUSED 40 INITRANS 1 MAXTRANS 255 
 NOCOMPRESS LOGGING
  TABLESPACE "USERS" ;
--------------------------------------------------------
--  DDL for Table PRODUIT
--------------------------------------------------------

  CREATE TABLE "CACAO"."PRODUIT" 
   (	"NUM_PROD" CHAR(25 BYTE), 
	"NUMEMB" NUMBER(10,0) DEFAULT NULL, 
	"LIBELLE_PROD" VARCHAR2(255 BYTE)
   ) SEGMENT CREATION IMMEDIATE 
  PCTFREE 10 PCTUSED 40 INITRANS 1 MAXTRANS 255 
 NOCOMPRESS LOGGING
  STORAGE(INITIAL 65536 NEXT 1048576 MINEXTENTS 1 MAXEXTENTS 2147483645
  PCTINCREASE 0 FREELISTS 1 FREELIST GROUPS 1
  BUFFER_POOL DEFAULT FLASH_CACHE DEFAULT CELL_FLASH_CACHE DEFAULT)
  TABLESPACE "USERS" ;
--------------------------------------------------------
--  DDL for Table RECOMPENSE
--------------------------------------------------------

  CREATE TABLE "CACAO"."RECOMPENSE" 
   (	"NUM_RECO" NUMBER(10,0), 
	"NUM_TREC" NUMBER(10,0), 
	"NUM_JURY" CHAR(20 BYTE), 
	"RANG_RECO" NUMBER(10,0), 
	"LIBELLE_RECO" VARCHAR2(255 BYTE)
   ) SEGMENT CREATION DEFERRED 
  PCTFREE 10 PCTUSED 40 INITRANS 1 MAXTRANS 255 
 NOCOMPRESS LOGGING
  TABLESPACE "USERS" ;
--------------------------------------------------------
--  DDL for Table REMPLIR
--------------------------------------------------------

  CREATE TABLE "CACAO"."REMPLIR" 
   (	"NUM_CRI" NUMBER(10,0), 
	"NUM_CAND" CHAR(20 BYTE)
   ) SEGMENT CREATION DEFERRED 
  PCTFREE 10 PCTUSED 40 INITRANS 1 MAXTRANS 255 
 NOCOMPRESS LOGGING
  TABLESPACE "USERS" ;
--------------------------------------------------------
--  DDL for Table TYPE_CANDIDATURE
--------------------------------------------------------

  CREATE TABLE "CACAO"."TYPE_CANDIDATURE" 
   (	"NUM_TC" NUMBER(10,0), 
	"LIBELLE_TC" VARCHAR2(255 BYTE)
   ) SEGMENT CREATION DEFERRED 
  PCTFREE 10 PCTUSED 40 INITRANS 1 MAXTRANS 255 
 NOCOMPRESS LOGGING
  TABLESPACE "USERS" ;
--------------------------------------------------------
--  DDL for Table TYPE_METHODE_CULTURE
--------------------------------------------------------

  CREATE TABLE "CACAO"."TYPE_METHODE_CULTURE" 
   (	"NUM_TMC" NUMBER(10,0), 
	"LIBELLE_TMC" VARCHAR2(255 BYTE)
   ) SEGMENT CREATION DEFERRED 
  PCTFREE 10 PCTUSED 40 INITRANS 1 MAXTRANS 255 
 NOCOMPRESS LOGGING
  TABLESPACE "USERS" ;
--------------------------------------------------------
--  DDL for Table TYPE_RECOMPENSE
--------------------------------------------------------

  CREATE TABLE "CACAO"."TYPE_RECOMPENSE" 
   (	"NUM_TREC" NUMBER(10,0), 
	"LIBELLE_TREC" VARCHAR2(255 BYTE) DEFAULT NULL
   ) SEGMENT CREATION DEFERRED 
  PCTFREE 10 PCTUSED 40 INITRANS 1 MAXTRANS 255 
 NOCOMPRESS LOGGING
  TABLESPACE "USERS" ;
REM INSERTING into CACAO.AVOIR
SET DEFINE OFF;
REM INSERTING into CACAO.CANDIDAT
SET DEFINE OFF;
Insert into CACAO.CANDIDAT (NUM_CAND,NUM_JURY,NUM_PL,NUM_MC,PHOTO_CAND,EXTRAIT_CAND,NOM_CAND,PRENOM_CAND,SEXE_CAND,DATENAISSANCE_CAND,LIEUDN_CAND,ADD_CAND,CONT_CAND,NOTE_NT,OBSERVATIONS_NT,EMAIL_CAND,MDP_CAND,NUM_PROD) values ('CD-KC-272',null,'PLAN-413502              ',null,'C:\Users\Marc Arnaud\eclipse-workspace\cacao_admin\photo\_307photo1.jpg','C:\Users\Marc Arnaud\eclipse-workspace\cacao_admin\birth_act\_6057birth_act.jpg','KOFFI','Christelle','F ',to_date('01/01/78','DD/MM/RR'),'Yamoussoukro',null,'01010101',null,null,'kchristelle@gmail.com','kc1234','CACAO                    ');
Insert into CACAO.CANDIDAT (NUM_CAND,NUM_JURY,NUM_PL,NUM_MC,PHOTO_CAND,EXTRAIT_CAND,NOM_CAND,PRENOM_CAND,SEXE_CAND,DATENAISSANCE_CAND,LIEUDN_CAND,ADD_CAND,CONT_CAND,NOTE_NT,OBSERVATIONS_NT,EMAIL_CAND,MDP_CAND,NUM_PROD) values ('CD-AJ-360',null,'PLAN-856813              ',null,'C:\Users\Marc Arnaud\eclipse-workspace\cacao_admin\photo\_7613photo2.jpg','C:\Users\Marc Arnaud\eclipse-workspace\cacao_admin\birth_act\_2047birth_act.jpg','AMENAN','Justin','M ',to_date('01/05/65','DD/MM/RR'),'Abengourou',null,'01010101',null,null,'amenj@yahoo.fr','123456789','CAFE                     ');
Insert into CACAO.CANDIDAT (NUM_CAND,NUM_JURY,NUM_PL,NUM_MC,PHOTO_CAND,EXTRAIT_CAND,NOM_CAND,PRENOM_CAND,SEXE_CAND,DATENAISSANCE_CAND,LIEUDN_CAND,ADD_CAND,CONT_CAND,NOTE_NT,OBSERVATIONS_NT,EMAIL_CAND,MDP_CAND,NUM_PROD) values ('CD-KC-944',null,'PLAN-429659              ',null,'C:\Users\Marc Arnaud\eclipse-workspace\cacao_admin\photo\_6296photo4.jpg','C:\Users\Marc Arnaud\eclipse-workspace\cacao_admin\birth_act\_3644birth_act.jpg','KOUASSI','Christophe','M ',to_date('19/09/57','DD/MM/RR'),'Abidjan',null,'01010101',null,null,'kcri55@gmail.com','123456789','CACAO                    ');
Insert into CACAO.CANDIDAT (NUM_CAND,NUM_JURY,NUM_PL,NUM_MC,PHOTO_CAND,EXTRAIT_CAND,NOM_CAND,PRENOM_CAND,SEXE_CAND,DATENAISSANCE_CAND,LIEUDN_CAND,ADD_CAND,CONT_CAND,NOTE_NT,OBSERVATIONS_NT,EMAIL_CAND,MDP_CAND,NUM_PROD) values ('CD-KH-547',null,'PLAN-497902              ',null,'C:\Users\Marc Arnaud\eclipse-workspace\cacao_admin\photo\_2494photo12.jpg','C:\Users\Marc Arnaud\eclipse-workspace\cacao_admin\birth_act\_8192birth_act.jpg','KOUMAN','Hortense','M ',to_date('02/02/70','DD/MM/RR'),'Abidjan',null,'01010101',null,null,'khort@gmail.com','123456789','CACAO                    ');
Insert into CACAO.CANDIDAT (NUM_CAND,NUM_JURY,NUM_PL,NUM_MC,PHOTO_CAND,EXTRAIT_CAND,NOM_CAND,PRENOM_CAND,SEXE_CAND,DATENAISSANCE_CAND,LIEUDN_CAND,ADD_CAND,CONT_CAND,NOTE_NT,OBSERVATIONS_NT,EMAIL_CAND,MDP_CAND,NUM_PROD) values ('CD-AMA-163',null,'PLAN-815011              ',null,'C:\Users\Marc Arnaud\eclipse-workspace\cacao_admin\photo\_3298photo11.jpg','C:\Users\Marc Arnaud\eclipse-workspace\cacao_admin\birth_act\_2903birth_act.jpg','AYENON','Marc Arnaud','M ',to_date('29/08/94','DD/MM/RR'),'Abidjan',null,'01010101',null,null,'Mac05@live.fr','123456789','CACAO                    ');
Insert into CACAO.CANDIDAT (NUM_CAND,NUM_JURY,NUM_PL,NUM_MC,PHOTO_CAND,EXTRAIT_CAND,NOM_CAND,PRENOM_CAND,SEXE_CAND,DATENAISSANCE_CAND,LIEUDN_CAND,ADD_CAND,CONT_CAND,NOTE_NT,OBSERVATIONS_NT,EMAIL_CAND,MDP_CAND,NUM_PROD) values ('CD-KR-311',null,'PLAN-426573              ',null,'C:\Users\Marc Arnaud\eclipse-workspace\cacao_admin\photo\_4377photo3.jpg','C:\Users\Marc Arnaud\eclipse-workspace\cacao_admin\birth_act\_8896birth_act.jpg','KOUASSI','Rodrigue','M ',to_date('05/10/57','DD/MM/RR'),'Béoumi',null,'01010101',null,null,'krod57@live.fr','toto123','CACAO                    ');
REM INSERTING into CACAO.CANDIDATURE
SET DEFINE OFF;
REM INSERTING into CACAO.CRITERE_CANDIDAT
SET DEFINE OFF;
Insert into CACAO.CRITERE_CANDIDAT (NUM_CRI,LIBELLE_CRI) values ('106','Originalité');
Insert into CACAO.CRITERE_CANDIDAT (NUM_CRI,LIBELLE_CRI) values ('56','Qualité');
Insert into CACAO.CRITERE_CANDIDAT (NUM_CRI,LIBELLE_CRI) values ('46','Beauté');
Insert into CACAO.CRITERE_CANDIDAT (NUM_CRI,LIBELLE_CRI) values ('12','Gout');
REM INSERTING into CACAO.CULTIVER
SET DEFINE OFF;
REM INSERTING into CACAO.DEPOSER
SET DEFINE OFF;
REM INSERTING into CACAO.EMBALLAGE
SET DEFINE OFF;
REM INSERTING into CACAO.MEDAILLON
SET DEFINE OFF;
REM INSERTING into CACAO.MEMBRE_JURY
SET DEFINE OFF;
Insert into CACAO.MEMBRE_JURY (NUM_JURY,NOM_JURY,PRENOM_JURY,DATE_NAISS_JURY,LOCALITE_JURY) values ('141','HOUNDJI','Lionel',to_date('01/01/96','DD/MM/RR'),'Abidjan');
Insert into CACAO.MEMBRE_JURY (NUM_JURY,NOM_JURY,PRENOM_JURY,DATE_NAISS_JURY,LOCALITE_JURY) values ('106','AYENON','Marc-Arnaud',to_date('29/08/94','DD/MM/RR'),'Abidjan');
Insert into CACAO.MEMBRE_JURY (NUM_JURY,NOM_JURY,PRENOM_JURY,DATE_NAISS_JURY,LOCALITE_JURY) values ('596','ALLA','Orlane',to_date('01/01/99','DD/MM/RR'),'Dabou');
Insert into CACAO.MEMBRE_JURY (NUM_JURY,NOM_JURY,PRENOM_JURY,DATE_NAISS_JURY,LOCALITE_JURY) values ('728','KOUASSI','Francisca',to_date('01/01/96','DD/MM/RR'),'Abengourou');
REM INSERTING into CACAO.METHODE_CULTURE
SET DEFINE OFF;
REM INSERTING into CACAO.NOTE_CANDIDAT
SET DEFINE OFF;
Insert into CACAO.NOTE_CANDIDAT (NUM_CAND,NUM_JURY,NUM_CRI,NOTE_CAND) values ('CD-KC-272','141','106','2,5');
Insert into CACAO.NOTE_CANDIDAT (NUM_CAND,NUM_JURY,NUM_CRI,NOTE_CAND) values ('CD-KC-272','141','56','3');
Insert into CACAO.NOTE_CANDIDAT (NUM_CAND,NUM_JURY,NUM_CRI,NOTE_CAND) values ('CD-KC-272','141','46','5');
Insert into CACAO.NOTE_CANDIDAT (NUM_CAND,NUM_JURY,NUM_CRI,NOTE_CAND) values ('CD-KC-272','141','12','2,9');
Insert into CACAO.NOTE_CANDIDAT (NUM_CAND,NUM_JURY,NUM_CRI,NOTE_CAND) values ('CD-KC-272','106','106','2,9');
Insert into CACAO.NOTE_CANDIDAT (NUM_CAND,NUM_JURY,NUM_CRI,NOTE_CAND) values ('CD-KC-272','106','56','2,5');
Insert into CACAO.NOTE_CANDIDAT (NUM_CAND,NUM_JURY,NUM_CRI,NOTE_CAND) values ('CD-KC-272','106','46','3,1');
Insert into CACAO.NOTE_CANDIDAT (NUM_CAND,NUM_JURY,NUM_CRI,NOTE_CAND) values ('CD-KC-272','106','12','4');
Insert into CACAO.NOTE_CANDIDAT (NUM_CAND,NUM_JURY,NUM_CRI,NOTE_CAND) values ('CD-KC-272','596','106','4');
Insert into CACAO.NOTE_CANDIDAT (NUM_CAND,NUM_JURY,NUM_CRI,NOTE_CAND) values ('CD-KC-272','596','56','2');
Insert into CACAO.NOTE_CANDIDAT (NUM_CAND,NUM_JURY,NUM_CRI,NOTE_CAND) values ('CD-KC-272','596','46','3');
Insert into CACAO.NOTE_CANDIDAT (NUM_CAND,NUM_JURY,NUM_CRI,NOTE_CAND) values ('CD-KC-272','596','12','2,9');
Insert into CACAO.NOTE_CANDIDAT (NUM_CAND,NUM_JURY,NUM_CRI,NOTE_CAND) values ('CD-KC-272','728','106','3,58');
Insert into CACAO.NOTE_CANDIDAT (NUM_CAND,NUM_JURY,NUM_CRI,NOTE_CAND) values ('CD-KC-272','728','56','2,1');
Insert into CACAO.NOTE_CANDIDAT (NUM_CAND,NUM_JURY,NUM_CRI,NOTE_CAND) values ('CD-KC-272','728','46','4');
Insert into CACAO.NOTE_CANDIDAT (NUM_CAND,NUM_JURY,NUM_CRI,NOTE_CAND) values ('CD-KC-272','728','12','4');
Insert into CACAO.NOTE_CANDIDAT (NUM_CAND,NUM_JURY,NUM_CRI,NOTE_CAND) values ('CD-AJ-360','141','106','3');
Insert into CACAO.NOTE_CANDIDAT (NUM_CAND,NUM_JURY,NUM_CRI,NOTE_CAND) values ('CD-AJ-360','141','56','5');
Insert into CACAO.NOTE_CANDIDAT (NUM_CAND,NUM_JURY,NUM_CRI,NOTE_CAND) values ('CD-AJ-360','141','46','2,5');
Insert into CACAO.NOTE_CANDIDAT (NUM_CAND,NUM_JURY,NUM_CRI,NOTE_CAND) values ('CD-AJ-360','141','12','1,5');
Insert into CACAO.NOTE_CANDIDAT (NUM_CAND,NUM_JURY,NUM_CRI,NOTE_CAND) values ('CD-AJ-360','106','106','2,5');
Insert into CACAO.NOTE_CANDIDAT (NUM_CAND,NUM_JURY,NUM_CRI,NOTE_CAND) values ('CD-AJ-360','106','56','4');
Insert into CACAO.NOTE_CANDIDAT (NUM_CAND,NUM_JURY,NUM_CRI,NOTE_CAND) values ('CD-AJ-360','106','46','4');
Insert into CACAO.NOTE_CANDIDAT (NUM_CAND,NUM_JURY,NUM_CRI,NOTE_CAND) values ('CD-AJ-360','106','12','2,1');
Insert into CACAO.NOTE_CANDIDAT (NUM_CAND,NUM_JURY,NUM_CRI,NOTE_CAND) values ('CD-AJ-360','596','106','1,5');
Insert into CACAO.NOTE_CANDIDAT (NUM_CAND,NUM_JURY,NUM_CRI,NOTE_CAND) values ('CD-AJ-360','596','56','3');
Insert into CACAO.NOTE_CANDIDAT (NUM_CAND,NUM_JURY,NUM_CRI,NOTE_CAND) values ('CD-AJ-360','596','46','4,4');
Insert into CACAO.NOTE_CANDIDAT (NUM_CAND,NUM_JURY,NUM_CRI,NOTE_CAND) values ('CD-AJ-360','596','12','5');
Insert into CACAO.NOTE_CANDIDAT (NUM_CAND,NUM_JURY,NUM_CRI,NOTE_CAND) values ('CD-AJ-360','728','106','5');
Insert into CACAO.NOTE_CANDIDAT (NUM_CAND,NUM_JURY,NUM_CRI,NOTE_CAND) values ('CD-AJ-360','728','56','3');
Insert into CACAO.NOTE_CANDIDAT (NUM_CAND,NUM_JURY,NUM_CRI,NOTE_CAND) values ('CD-AJ-360','728','46','4');
Insert into CACAO.NOTE_CANDIDAT (NUM_CAND,NUM_JURY,NUM_CRI,NOTE_CAND) values ('CD-AJ-360','728','12','2');
Insert into CACAO.NOTE_CANDIDAT (NUM_CAND,NUM_JURY,NUM_CRI,NOTE_CAND) values ('CD-KC-944','141','106','2,1');
Insert into CACAO.NOTE_CANDIDAT (NUM_CAND,NUM_JURY,NUM_CRI,NOTE_CAND) values ('CD-KC-944','141','56','3');
Insert into CACAO.NOTE_CANDIDAT (NUM_CAND,NUM_JURY,NUM_CRI,NOTE_CAND) values ('CD-KC-944','141','46','4,3');
Insert into CACAO.NOTE_CANDIDAT (NUM_CAND,NUM_JURY,NUM_CRI,NOTE_CAND) values ('CD-KC-944','141','12','3,2');
Insert into CACAO.NOTE_CANDIDAT (NUM_CAND,NUM_JURY,NUM_CRI,NOTE_CAND) values ('CD-KC-944','106','106','0');
Insert into CACAO.NOTE_CANDIDAT (NUM_CAND,NUM_JURY,NUM_CRI,NOTE_CAND) values ('CD-KC-944','106','56','0');
Insert into CACAO.NOTE_CANDIDAT (NUM_CAND,NUM_JURY,NUM_CRI,NOTE_CAND) values ('CD-KC-944','106','46','0');
Insert into CACAO.NOTE_CANDIDAT (NUM_CAND,NUM_JURY,NUM_CRI,NOTE_CAND) values ('CD-KC-944','106','12','0');
Insert into CACAO.NOTE_CANDIDAT (NUM_CAND,NUM_JURY,NUM_CRI,NOTE_CAND) values ('CD-KC-944','596','106','2,5');
Insert into CACAO.NOTE_CANDIDAT (NUM_CAND,NUM_JURY,NUM_CRI,NOTE_CAND) values ('CD-KC-944','596','56','3');
Insert into CACAO.NOTE_CANDIDAT (NUM_CAND,NUM_JURY,NUM_CRI,NOTE_CAND) values ('CD-KC-944','596','46','1');
Insert into CACAO.NOTE_CANDIDAT (NUM_CAND,NUM_JURY,NUM_CRI,NOTE_CAND) values ('CD-KC-944','596','12','4,8');
Insert into CACAO.NOTE_CANDIDAT (NUM_CAND,NUM_JURY,NUM_CRI,NOTE_CAND) values ('CD-KC-944','728','106','2');
Insert into CACAO.NOTE_CANDIDAT (NUM_CAND,NUM_JURY,NUM_CRI,NOTE_CAND) values ('CD-KC-944','728','56','2,5');
Insert into CACAO.NOTE_CANDIDAT (NUM_CAND,NUM_JURY,NUM_CRI,NOTE_CAND) values ('CD-KC-944','728','46','4');
Insert into CACAO.NOTE_CANDIDAT (NUM_CAND,NUM_JURY,NUM_CRI,NOTE_CAND) values ('CD-KC-944','728','12','4');
Insert into CACAO.NOTE_CANDIDAT (NUM_CAND,NUM_JURY,NUM_CRI,NOTE_CAND) values ('CD-KH-547','141','106','4,1');
Insert into CACAO.NOTE_CANDIDAT (NUM_CAND,NUM_JURY,NUM_CRI,NOTE_CAND) values ('CD-KH-547','141','56','3');
Insert into CACAO.NOTE_CANDIDAT (NUM_CAND,NUM_JURY,NUM_CRI,NOTE_CAND) values ('CD-KH-547','141','46','2');
Insert into CACAO.NOTE_CANDIDAT (NUM_CAND,NUM_JURY,NUM_CRI,NOTE_CAND) values ('CD-KH-547','141','12','2,5');
Insert into CACAO.NOTE_CANDIDAT (NUM_CAND,NUM_JURY,NUM_CRI,NOTE_CAND) values ('CD-KH-547','106','106','3,8');
Insert into CACAO.NOTE_CANDIDAT (NUM_CAND,NUM_JURY,NUM_CRI,NOTE_CAND) values ('CD-KH-547','106','56','2,4');
Insert into CACAO.NOTE_CANDIDAT (NUM_CAND,NUM_JURY,NUM_CRI,NOTE_CAND) values ('CD-KH-547','106','46','3');
Insert into CACAO.NOTE_CANDIDAT (NUM_CAND,NUM_JURY,NUM_CRI,NOTE_CAND) values ('CD-KH-547','106','12','4');
Insert into CACAO.NOTE_CANDIDAT (NUM_CAND,NUM_JURY,NUM_CRI,NOTE_CAND) values ('CD-KH-547','596','106','4');
Insert into CACAO.NOTE_CANDIDAT (NUM_CAND,NUM_JURY,NUM_CRI,NOTE_CAND) values ('CD-KH-547','596','56','3');
Insert into CACAO.NOTE_CANDIDAT (NUM_CAND,NUM_JURY,NUM_CRI,NOTE_CAND) values ('CD-KH-547','596','46','2');
Insert into CACAO.NOTE_CANDIDAT (NUM_CAND,NUM_JURY,NUM_CRI,NOTE_CAND) values ('CD-KH-547','596','12','5');
Insert into CACAO.NOTE_CANDIDAT (NUM_CAND,NUM_JURY,NUM_CRI,NOTE_CAND) values ('CD-KH-547','728','106','3');
Insert into CACAO.NOTE_CANDIDAT (NUM_CAND,NUM_JURY,NUM_CRI,NOTE_CAND) values ('CD-KH-547','728','56','2,5');
Insert into CACAO.NOTE_CANDIDAT (NUM_CAND,NUM_JURY,NUM_CRI,NOTE_CAND) values ('CD-KH-547','728','46','4');
Insert into CACAO.NOTE_CANDIDAT (NUM_CAND,NUM_JURY,NUM_CRI,NOTE_CAND) values ('CD-KH-547','728','12','3,5');
Insert into CACAO.NOTE_CANDIDAT (NUM_CAND,NUM_JURY,NUM_CRI,NOTE_CAND) values ('CD-KR-311','141','106','3');
Insert into CACAO.NOTE_CANDIDAT (NUM_CAND,NUM_JURY,NUM_CRI,NOTE_CAND) values ('CD-KR-311','141','56','2');
Insert into CACAO.NOTE_CANDIDAT (NUM_CAND,NUM_JURY,NUM_CRI,NOTE_CAND) values ('CD-KR-311','141','46','2,7');
Insert into CACAO.NOTE_CANDIDAT (NUM_CAND,NUM_JURY,NUM_CRI,NOTE_CAND) values ('CD-KR-311','141','12','1');
Insert into CACAO.NOTE_CANDIDAT (NUM_CAND,NUM_JURY,NUM_CRI,NOTE_CAND) values ('CD-KR-311','106','106','4');
Insert into CACAO.NOTE_CANDIDAT (NUM_CAND,NUM_JURY,NUM_CRI,NOTE_CAND) values ('CD-KR-311','106','56','1,5');
Insert into CACAO.NOTE_CANDIDAT (NUM_CAND,NUM_JURY,NUM_CRI,NOTE_CAND) values ('CD-KR-311','106','46','3,5');
Insert into CACAO.NOTE_CANDIDAT (NUM_CAND,NUM_JURY,NUM_CRI,NOTE_CAND) values ('CD-KR-311','106','12','2,5');
Insert into CACAO.NOTE_CANDIDAT (NUM_CAND,NUM_JURY,NUM_CRI,NOTE_CAND) values ('CD-KR-311','596','106','1');
Insert into CACAO.NOTE_CANDIDAT (NUM_CAND,NUM_JURY,NUM_CRI,NOTE_CAND) values ('CD-KR-311','596','56','3');
Insert into CACAO.NOTE_CANDIDAT (NUM_CAND,NUM_JURY,NUM_CRI,NOTE_CAND) values ('CD-KR-311','596','46','2');
Insert into CACAO.NOTE_CANDIDAT (NUM_CAND,NUM_JURY,NUM_CRI,NOTE_CAND) values ('CD-KR-311','596','12','1');
Insert into CACAO.NOTE_CANDIDAT (NUM_CAND,NUM_JURY,NUM_CRI,NOTE_CAND) values ('CD-KR-311','728','106','3');
Insert into CACAO.NOTE_CANDIDAT (NUM_CAND,NUM_JURY,NUM_CRI,NOTE_CAND) values ('CD-KR-311','728','56','4');
Insert into CACAO.NOTE_CANDIDAT (NUM_CAND,NUM_JURY,NUM_CRI,NOTE_CAND) values ('CD-KR-311','728','46','2,5');
Insert into CACAO.NOTE_CANDIDAT (NUM_CAND,NUM_JURY,NUM_CRI,NOTE_CAND) values ('CD-KR-311','728','12','3');
Insert into CACAO.NOTE_CANDIDAT (NUM_CAND,NUM_JURY,NUM_CRI,NOTE_CAND) values ('CD-AMA-163','141','46','0');
Insert into CACAO.NOTE_CANDIDAT (NUM_CAND,NUM_JURY,NUM_CRI,NOTE_CAND) values ('CD-AMA-163','141','12','0');
Insert into CACAO.NOTE_CANDIDAT (NUM_CAND,NUM_JURY,NUM_CRI,NOTE_CAND) values ('CD-AMA-163','141','106','0');
Insert into CACAO.NOTE_CANDIDAT (NUM_CAND,NUM_JURY,NUM_CRI,NOTE_CAND) values ('CD-AMA-163','141','56','0');
Insert into CACAO.NOTE_CANDIDAT (NUM_CAND,NUM_JURY,NUM_CRI,NOTE_CAND) values ('CD-AMA-163','106','106','4');
Insert into CACAO.NOTE_CANDIDAT (NUM_CAND,NUM_JURY,NUM_CRI,NOTE_CAND) values ('CD-AMA-163','106','56','2');
Insert into CACAO.NOTE_CANDIDAT (NUM_CAND,NUM_JURY,NUM_CRI,NOTE_CAND) values ('CD-AMA-163','106','46','1,5');
Insert into CACAO.NOTE_CANDIDAT (NUM_CAND,NUM_JURY,NUM_CRI,NOTE_CAND) values ('CD-AMA-163','106','12','3');
Insert into CACAO.NOTE_CANDIDAT (NUM_CAND,NUM_JURY,NUM_CRI,NOTE_CAND) values ('CD-AMA-163','596','106','0');
Insert into CACAO.NOTE_CANDIDAT (NUM_CAND,NUM_JURY,NUM_CRI,NOTE_CAND) values ('CD-AMA-163','596','56','0');
Insert into CACAO.NOTE_CANDIDAT (NUM_CAND,NUM_JURY,NUM_CRI,NOTE_CAND) values ('CD-AMA-163','596','46','0');
Insert into CACAO.NOTE_CANDIDAT (NUM_CAND,NUM_JURY,NUM_CRI,NOTE_CAND) values ('CD-AMA-163','596','12','0');
Insert into CACAO.NOTE_CANDIDAT (NUM_CAND,NUM_JURY,NUM_CRI,NOTE_CAND) values ('CD-AMA-163','728','106','0');
Insert into CACAO.NOTE_CANDIDAT (NUM_CAND,NUM_JURY,NUM_CRI,NOTE_CAND) values ('CD-AMA-163','728','56','0');
Insert into CACAO.NOTE_CANDIDAT (NUM_CAND,NUM_JURY,NUM_CRI,NOTE_CAND) values ('CD-AMA-163','728','46','0');
Insert into CACAO.NOTE_CANDIDAT (NUM_CAND,NUM_JURY,NUM_CRI,NOTE_CAND) values ('CD-AMA-163','728','12','0');
REM INSERTING into CACAO.PLANTATION
SET DEFINE OFF;
Insert into CACAO.PLANTATION (NUM_PLAN,NUM_PL,LOCALISATION_PLAN,SUPERFICIE_PLAN) values ('PLAN-413502              ',null,'Yamoussoukro','1,9');
Insert into CACAO.PLANTATION (NUM_PLAN,NUM_PL,LOCALISATION_PLAN,SUPERFICIE_PLAN) values ('PLAN-856813              ',null,'Abidjan','2,1');
Insert into CACAO.PLANTATION (NUM_PLAN,NUM_PL,LOCALISATION_PLAN,SUPERFICIE_PLAN) values ('PLAN-429659              ',null,'Abidjan','1,6');
Insert into CACAO.PLANTATION (NUM_PLAN,NUM_PL,LOCALISATION_PLAN,SUPERFICIE_PLAN) values ('PLAN-497902              ',null,'Abidjan','1,5');
Insert into CACAO.PLANTATION (NUM_PLAN,NUM_PL,LOCALISATION_PLAN,SUPERFICIE_PLAN) values ('PLAN-815011              ',null,'Abidjan','1,8');
Insert into CACAO.PLANTATION (NUM_PLAN,NUM_PL,LOCALISATION_PLAN,SUPERFICIE_PLAN) values ('PLAN-72725               ',null,'Yakro','1,9');
Insert into CACAO.PLANTATION (NUM_PLAN,NUM_PL,LOCALISATION_PLAN,SUPERFICIE_PLAN) values ('PLAN-629917              ',null,'Abidjan','1,5');
Insert into CACAO.PLANTATION (NUM_PLAN,NUM_PL,LOCALISATION_PLAN,SUPERFICIE_PLAN) values ('PLAN-125077              ',null,'Abidjan','2,6');
Insert into CACAO.PLANTATION (NUM_PLAN,NUM_PL,LOCALISATION_PLAN,SUPERFICIE_PLAN) values ('PLAN-426573              ',null,'Abidjan','1,2');
Insert into CACAO.PLANTATION (NUM_PLAN,NUM_PL,LOCALISATION_PLAN,SUPERFICIE_PLAN) values ('PLAN-187310              ',null,'Abidjan','1,8');
REM INSERTING into CACAO.PLANTEUR
SET DEFINE OFF;
REM INSERTING into CACAO.PRODUIT
SET DEFINE OFF;
Insert into CACAO.PRODUIT (NUM_PROD,NUMEMB,LIBELLE_PROD) values ('CACAO                    ',null,'Cacao');
Insert into CACAO.PRODUIT (NUM_PROD,NUMEMB,LIBELLE_PROD) values ('CAFE                     ',null,'Cafe');
REM INSERTING into CACAO.RECOMPENSE
SET DEFINE OFF;
REM INSERTING into CACAO.REMPLIR
SET DEFINE OFF;
REM INSERTING into CACAO.TYPE_CANDIDATURE
SET DEFINE OFF;
REM INSERTING into CACAO.TYPE_METHODE_CULTURE
SET DEFINE OFF;
REM INSERTING into CACAO.TYPE_RECOMPENSE
SET DEFINE OFF;
--------------------------------------------------------
--  Constraints for Table NOTE_CANDIDAT
--------------------------------------------------------

  ALTER TABLE "CACAO"."NOTE_CANDIDAT" MODIFY ("NOTE_CAND" NOT NULL ENABLE);
  ALTER TABLE "CACAO"."NOTE_CANDIDAT" MODIFY ("NUM_CRI" NOT NULL ENABLE);
  ALTER TABLE "CACAO"."NOTE_CANDIDAT" MODIFY ("NUM_JURY" NOT NULL ENABLE);
  ALTER TABLE "CACAO"."NOTE_CANDIDAT" MODIFY ("NUM_CAND" NOT NULL ENABLE);
--------------------------------------------------------
--  Constraints for Table TYPE_RECOMPENSE
--------------------------------------------------------

  ALTER TABLE "CACAO"."TYPE_RECOMPENSE" ADD PRIMARY KEY ("NUM_TREC")
  USING INDEX PCTFREE 10 INITRANS 2 MAXTRANS 255 COMPUTE STATISTICS 
  TABLESPACE "USERS"  ENABLE;
  ALTER TABLE "CACAO"."TYPE_RECOMPENSE" MODIFY ("NUM_TREC" NOT NULL ENABLE);
--------------------------------------------------------
--  Constraints for Table RECOMPENSE
--------------------------------------------------------

  ALTER TABLE "CACAO"."RECOMPENSE" MODIFY ("LIBELLE_RECO" NOT NULL ENABLE);
  ALTER TABLE "CACAO"."RECOMPENSE" MODIFY ("RANG_RECO" NOT NULL ENABLE);
  ALTER TABLE "CACAO"."RECOMPENSE" MODIFY ("NUM_JURY" NOT NULL ENABLE);
  ALTER TABLE "CACAO"."RECOMPENSE" MODIFY ("NUM_TREC" NOT NULL ENABLE);
  ALTER TABLE "CACAO"."RECOMPENSE" MODIFY ("NUM_RECO" NOT NULL ENABLE);
--------------------------------------------------------
--  Constraints for Table TYPE_METHODE_CULTURE
--------------------------------------------------------

  ALTER TABLE "CACAO"."TYPE_METHODE_CULTURE" ADD PRIMARY KEY ("NUM_TMC")
  USING INDEX PCTFREE 10 INITRANS 2 MAXTRANS 255 COMPUTE STATISTICS 
  TABLESPACE "USERS"  ENABLE;
  ALTER TABLE "CACAO"."TYPE_METHODE_CULTURE" MODIFY ("LIBELLE_TMC" NOT NULL ENABLE);
  ALTER TABLE "CACAO"."TYPE_METHODE_CULTURE" MODIFY ("NUM_TMC" NOT NULL ENABLE);
--------------------------------------------------------
--  Constraints for Table EMBALLAGE
--------------------------------------------------------

  ALTER TABLE "CACAO"."EMBALLAGE" MODIFY ("POIDS_EMB" NOT NULL ENABLE);
  ALTER TABLE "CACAO"."EMBALLAGE" MODIFY ("NUM_MED" NOT NULL ENABLE);
  ALTER TABLE "CACAO"."EMBALLAGE" MODIFY ("NUMEMB" NOT NULL ENABLE);
--------------------------------------------------------
--  Constraints for Table TYPE_CANDIDATURE
--------------------------------------------------------

  ALTER TABLE "CACAO"."TYPE_CANDIDATURE" ADD PRIMARY KEY ("NUM_TC")
  USING INDEX PCTFREE 10 INITRANS 2 MAXTRANS 255 COMPUTE STATISTICS 
  TABLESPACE "USERS"  ENABLE;
  ALTER TABLE "CACAO"."TYPE_CANDIDATURE" MODIFY ("LIBELLE_TC" NOT NULL ENABLE);
  ALTER TABLE "CACAO"."TYPE_CANDIDATURE" MODIFY ("NUM_TC" NOT NULL ENABLE);
--------------------------------------------------------
--  Constraints for Table REMPLIR
--------------------------------------------------------

  ALTER TABLE "CACAO"."REMPLIR" MODIFY ("NUM_CAND" NOT NULL ENABLE);
  ALTER TABLE "CACAO"."REMPLIR" MODIFY ("NUM_CRI" NOT NULL ENABLE);
--------------------------------------------------------
--  Constraints for Table DEPOSER
--------------------------------------------------------

  ALTER TABLE "CACAO"."DEPOSER" MODIFY ("NUM_CDR" NOT NULL ENABLE);
  ALTER TABLE "CACAO"."DEPOSER" MODIFY ("NUM_CAND" NOT NULL ENABLE);
--------------------------------------------------------
--  Constraints for Table CRITERE_CANDIDAT
--------------------------------------------------------

  ALTER TABLE "CACAO"."CRITERE_CANDIDAT" ADD PRIMARY KEY ("NUM_CRI")
  USING INDEX PCTFREE 10 INITRANS 2 MAXTRANS 255 COMPUTE STATISTICS 
  STORAGE(INITIAL 65536 NEXT 1048576 MINEXTENTS 1 MAXEXTENTS 2147483645
  PCTINCREASE 0 FREELISTS 1 FREELIST GROUPS 1
  BUFFER_POOL DEFAULT FLASH_CACHE DEFAULT CELL_FLASH_CACHE DEFAULT)
  TABLESPACE "USERS"  ENABLE;
  ALTER TABLE "CACAO"."CRITERE_CANDIDAT" MODIFY ("LIBELLE_CRI" NOT NULL ENABLE);
  ALTER TABLE "CACAO"."CRITERE_CANDIDAT" MODIFY ("NUM_CRI" NOT NULL ENABLE);
--------------------------------------------------------
--  Constraints for Table AVOIR
--------------------------------------------------------

  ALTER TABLE "CACAO"."AVOIR" MODIFY ("NUM_RECO" NOT NULL ENABLE);
  ALTER TABLE "CACAO"."AVOIR" MODIFY ("NUM_CAND" NOT NULL ENABLE);
--------------------------------------------------------
--  Constraints for Table MEDAILLON
--------------------------------------------------------

  ALTER TABLE "CACAO"."MEDAILLON" ADD PRIMARY KEY ("NUM_MED")
  USING INDEX PCTFREE 10 INITRANS 2 MAXTRANS 255 COMPUTE STATISTICS 
  TABLESPACE "USERS"  ENABLE;
  ALTER TABLE "CACAO"."MEDAILLON" MODIFY ("LIBELLE_MED" NOT NULL ENABLE);
  ALTER TABLE "CACAO"."MEDAILLON" MODIFY ("NUM_MED" NOT NULL ENABLE);
--------------------------------------------------------
--  Constraints for Table CANDIDAT
--------------------------------------------------------

  ALTER TABLE "CACAO"."CANDIDAT" MODIFY ("MDP_CAND" NOT NULL ENABLE);
  ALTER TABLE "CACAO"."CANDIDAT" MODIFY ("EMAIL_CAND" NOT NULL ENABLE);
  ALTER TABLE "CACAO"."CANDIDAT" MODIFY ("DATENAISSANCE_CAND" NOT NULL ENABLE);
  ALTER TABLE "CACAO"."CANDIDAT" MODIFY ("SEXE_CAND" NOT NULL ENABLE);
  ALTER TABLE "CACAO"."CANDIDAT" MODIFY ("PRENOM_CAND" NOT NULL ENABLE);
  ALTER TABLE "CACAO"."CANDIDAT" MODIFY ("NOM_CAND" NOT NULL ENABLE);
  ALTER TABLE "CACAO"."CANDIDAT" MODIFY ("EXTRAIT_CAND" NOT NULL ENABLE);
  ALTER TABLE "CACAO"."CANDIDAT" MODIFY ("PHOTO_CAND" NOT NULL ENABLE);
  ALTER TABLE "CACAO"."CANDIDAT" MODIFY ("NUM_CAND" NOT NULL ENABLE);
--------------------------------------------------------
--  Constraints for Table PRODUIT
--------------------------------------------------------

  ALTER TABLE "CACAO"."PRODUIT" MODIFY ("LIBELLE_PROD" NOT NULL ENABLE);
  ALTER TABLE "CACAO"."PRODUIT" MODIFY ("NUM_PROD" NOT NULL ENABLE);
--------------------------------------------------------
--  Constraints for Table METHODE_CULTURE
--------------------------------------------------------

  ALTER TABLE "CACAO"."METHODE_CULTURE" MODIFY ("LIBELLE_MC" NOT NULL ENABLE);
  ALTER TABLE "CACAO"."METHODE_CULTURE" MODIFY ("NUM_TMC" NOT NULL ENABLE);
  ALTER TABLE "CACAO"."METHODE_CULTURE" MODIFY ("NUM_MC" NOT NULL ENABLE);
--------------------------------------------------------
--  Constraints for Table CULTIVER
--------------------------------------------------------

  ALTER TABLE "CACAO"."CULTIVER" MODIFY ("NUM_PROD" NOT NULL ENABLE);
  ALTER TABLE "CACAO"."CULTIVER" MODIFY ("NUM_PL" NOT NULL ENABLE);
--------------------------------------------------------
--  Constraints for Table CANDIDATURE
--------------------------------------------------------

  ALTER TABLE "CACAO"."CANDIDATURE" MODIFY ("NUM_TC" NOT NULL ENABLE);
  ALTER TABLE "CACAO"."CANDIDATURE" MODIFY ("NUM_CDR" NOT NULL ENABLE);
--------------------------------------------------------
--  Constraints for Table MEMBRE_JURY
--------------------------------------------------------

  ALTER TABLE "CACAO"."MEMBRE_JURY" ADD PRIMARY KEY ("NUM_JURY")
  USING INDEX PCTFREE 10 INITRANS 2 MAXTRANS 255 COMPUTE STATISTICS 
  STORAGE(INITIAL 65536 NEXT 1048576 MINEXTENTS 1 MAXEXTENTS 2147483645
  PCTINCREASE 0 FREELISTS 1 FREELIST GROUPS 1
  BUFFER_POOL DEFAULT FLASH_CACHE DEFAULT CELL_FLASH_CACHE DEFAULT)
  TABLESPACE "USERS"  ENABLE;
  ALTER TABLE "CACAO"."MEMBRE_JURY" MODIFY ("LOCALITE_JURY" NOT NULL ENABLE);
  ALTER TABLE "CACAO"."MEMBRE_JURY" MODIFY ("DATE_NAISS_JURY" NOT NULL ENABLE);
  ALTER TABLE "CACAO"."MEMBRE_JURY" MODIFY ("PRENOM_JURY" NOT NULL ENABLE);
  ALTER TABLE "CACAO"."MEMBRE_JURY" MODIFY ("NOM_JURY" NOT NULL ENABLE);
  ALTER TABLE "CACAO"."MEMBRE_JURY" MODIFY ("NUM_JURY" NOT NULL ENABLE);
--------------------------------------------------------
--  Constraints for Table PLANTEUR
--------------------------------------------------------

  ALTER TABLE "CACAO"."PLANTEUR" MODIFY ("DATEDENAISSANCE_PL" NOT NULL ENABLE);
  ALTER TABLE "CACAO"."PLANTEUR" MODIFY ("SEXE_PL" NOT NULL ENABLE);
  ALTER TABLE "CACAO"."PLANTEUR" MODIFY ("PRENOM_PL" NOT NULL ENABLE);
  ALTER TABLE "CACAO"."PLANTEUR" MODIFY ("NOM_PL" NOT NULL ENABLE);
  ALTER TABLE "CACAO"."PLANTEUR" MODIFY ("NUM_CAND" NOT NULL ENABLE);
  ALTER TABLE "CACAO"."PLANTEUR" MODIFY ("NUM_PL" NOT NULL ENABLE);
--------------------------------------------------------
--  Constraints for Table PLANTATION
--------------------------------------------------------

  ALTER TABLE "CACAO"."PLANTATION" MODIFY ("SUPERFICIE_PLAN" NOT NULL ENABLE);
  ALTER TABLE "CACAO"."PLANTATION" MODIFY ("LOCALISATION_PLAN" NOT NULL ENABLE);
  ALTER TABLE "CACAO"."PLANTATION" MODIFY ("NUM_PLAN" NOT NULL ENABLE);
